{"cameraMode":{"drawMode":0,"name":"Shaded","section":"Shading Mode"},"sceneLighting":false,"audioPlay":false,"sceneViewState":{"showFog":true,"showMaterialUpdate":false,"showSkybox":true,"showFlares":true,"showImageEffects":true,"showParticleSystems":true},"in2DMode":false,"pivot":{"x":0.8841629028320313,"y":39.3759880065918,"z":3.044796943664551},"rotation":{"x":0.08936931937932968,"y":0.4467025697231293,"z":0.04491841048002243,"w":-0.88907390832901},"size":271.9623107910156,"orthographic":false}